{"cameraMode":{"drawMode":0,"name":"Shaded","section":"Shading Mode"},"sceneLighting":true,"audioPlay":false,"sceneViewState":{"showFog":true,"showMaterialUpdate":false,"showSkybox":true,"showFlares":true,"showImageEffects":true,"showParticleSystems":true},"in2DMode":false,"pivot":{"x":4.553888320922852,"y":-4.331362724304199,"z":-3.695270538330078},"rotation":{"x":-0.10205047577619553,"y":-0.8646324276924133,"z":0.1954478919506073,"w":-0.45146551728248598},"size":30.295774459838868,"orthographic":false}
