{"cameraMode":{"drawMode":0,"name":"Shaded","section":"Shading Mode"},"sceneLighting":true,"audioPlay":false,"sceneViewState":{"showFog":true,"showMaterialUpdate":false,"showSkybox":true,"showFlares":true,"showImageEffects":true,"showParticleSystems":true},"in2DMode":false,"pivot":{"x":18.25724983215332,"y":0.06342363357543946,"z":9.981279373168946},"rotation":{"x":0.13717469573020936,"y":0.6263912916183472,"z":-0.11321394145488739,"w":0.7589595317840576},"size":81.61184692382813,"orthographic":false}